<?xml version="1.0" encoding="UTF-8"?>
<!DOCTYPE mapper PUBLIC "-//mybatis.org//DTD Mapper 3.0//EN" "http://mybatis.org/dtd/mybatis-3-mapper.dtd">
<mapper namespace="com.smg.admin.mapper.RoleMapper">

    <!-- 通用查询映射结果 -->
    <resultMap id="BaseResultMap" type="com.smg.admin.pojo.Role">
        <id column="id" property="id" />
        <result column="bz" property="bz" />
        <result column="name" property="name" />
        <result column="remarks" property="remarks" />
        <result column="is_del" property="isDel" />
    </resultMap>

    <!-- 通用查询结果列 -->
    <sql id="Base_Column_List">
        id, bz, name, remarks, is_del
    </sql>

</mapper>
