<?xml version="1.0" encoding="UTF-8"?>
<!DOCTYPE mapper PUBLIC "-//mybatis.org//DTD Mapper 3.0//EN" "http://mybatis.org/dtd/mybatis-3-mapper.dtd">
<mapper namespace="com.xbmu.admin.mapper.UserMapper">

    <!-- 通用查询映射结果 -->
    <resultMap id="BaseResultMap" type="com.xbmu.admin.pojo.User">
        <id column="id" property="id" />
        <result column="bz" property="bz" />
        <result column="password" property="password" />
        <result column="true_name" property="trueName" />
        <result column="user_name" property="userName" />
        <result column="remarks" property="remarks" />
        <result column="is_del" property="isDel" />
    </resultMap>

    <!-- 通用查询结果列 -->
    <sql id="Base_Column_List">
        id, bz, password, true_name, user_name, remarks, is_del
    </sql>

</mapper>
